seed,fcn_accuracy,cnn_accuracy
0,0.885,0.902
42,0.8843333333333333,0.912
123,0.885,0.8973333333333333
2024,0.885,0.8556666666666667
9999,0.885,0.9106666666666666
